Designator,Footprint,Center X (mm),Center Y (mm),Rotation,Layer
TB1,Terminal Block,10.00,18.00,0,T
F1,Fuse 2A 250V,22.00,18.00,0,T
GDT1,Bourns 2027-09-B,35.00,18.00,0,T
MOV1,14D201K,48.00,18.00,0,T
R_SURGE1,5.6R 2W,62.00,18.00,0,T
L_SURGE1,22uH 2A,75.00,18.00,0,T
D_TVS1,SMBJ24A,90.00,18.00,0,T
Q_PROTECT,AO4407A,105.00,18.00,0,T
R_G1,100k 1%,105.00,10.00,0,T
R_G2,100k 1%,105.00,5.00,0,T
DZ_G1,15V,105.00,27.00,0,T
C1,470uF 25V,120.00,18.00,0,T
C2,1uF 50V,130.00,12.00,0,T
C3,100nF 50V,130.00,23.00,0,T
U2_5V,MP1584EN,72.00,35.00,0,T
CIN_5V1,22uF 50V,60.00,42.00,0,T
CIN_5V2,100nF 50V,60.00,35.00,0,T
L_5V,10uH 3A,83.00,35.00,0,T
COUT_5V1,22uF 16V,93.00,42.00,0,T
COUT_5V2,22uF 16V,93.00,38.00,0,T
COUT_5V3,100nF 16V,93.00,34.00,0,T
R_FB1_5V,10k 1%,82.00,28.00,0,T
R_FB2_5V,52.3k 1%,82.00,24.00,0,T
R_EN_5V,100k 1%,60.00,28.00,0,T
D_OUT5V,SS34,90.00,50.00,0,T
U3_3V3,MP1584EN,112.00,35.00,0,T
CIN_3V31,22uF 25V,100.00,42.00,0,T
CIN_3V32,100nF 25V,100.00,35.00,0,T
L_3V3,10uH 2A,123.00,35.00,0,T
COUT_3V31,22uF 16V,133.00,42.00,0,T
COUT_3V32,22uF 16V,133.00,38.00,0,T
COUT_3V33,100nF 16V,133.00,34.00,0,T
R_FB1_3V3,10k 1%,122.00,28.00,0,T
R_FB2_3V3,31.6k 1%,122.00,24.00,0,T
R_EN_3V3,100k 1%,100.00,28.00,0,T
FB_ESP,BLM18PG121SN1,58.00,47.00,0,T
C_ESP1,10uF 10V,63.00,47.00,0,T
C_ESP2,100nF 10V,66.00,47.00,0,T
FB_ANA,BLM18PG121SN1,58.00,67.00,0,T
C_ANA1,10uF 10V,63.00,67.00,0,T
C_ANA2,100nF 10V,66.00,67.00,0,T
U_PWR_GOOD,MCP809T-315,138.00,57.00,0,T
C_PWR_GOOD,100nF 10V,141.00,57.00,0,T
D_USB,SS34,20.00,35.00,0,T
D_MAIN,SS34,27.00,35.00,0,T
C_SYS1,47uF 16V,35.00,35.00,0,T
C_SYS2,100nF 16V,40.00,35.00,0,T
U_ESP32,ESP32-WROOM-32E,165.00,57.50,0,T
C_ESP_DEC1,100nF 10V,150.00,70.00,0,T
C_ESP_DEC2,100nF 10V,152.00,73.00,0,T
C_ESP_DEC3,100nF 10V,154.00,76.00,0,T
R_EN_PU,10k,160.00,68.00,0,T
R_BOOT_PU,10k,163.00,68.00,0,T
R_BOOT_OK_PU,10k,166.00,68.00,0,T
LED_PWR,LED,155.00,50.00,0,T
R_LED_PWR,1.5k,152.00,50.00,0,T
LED_WIFI,LED,155.00,53.00,0,T
R_LED_WIFI,1.5k,152.00,53.00,0,T
LED_MQTT,LED,155.00,56.00,0,T
R_LED_MQTT,1.5k,152.00,56.00,0,T
LED_ERROR,LED,155.00,59.00,0,T
R_LED_ERROR,1.5k,152.00,59.00,0,T
R_DHT_SER,100R,40.00,45.00,0,T
R_DS_SER,100R,40.00,55.00,0,T
R_VSENSE_SER,1k,170.00,72.00,0,T
J_USB,USB Micro-B,25.00,30.00,0,T
F_USB,PTC 500mA,32.00,30.00,0,T
D_TVS_USB,SMBJ5.0A,39.00,30.00,0,T
R_USB_LIM,2.2R,46.00,30.00,0,T
ESD_USB,USBLC6-2SC6,53.00,30.00,0,T
U_USB_UART,CP2102-GMR,35.00,53.00,0,T
Q_RST,BC847,40.00,60.00,0,T
R_USB_DTR,1k,37.00,60.00,0,T
Q_BOOT,BC847,40.00,65.00,0,T
R_USB_RTS,1k,37.00,65.00,0,T
U_WD,TPL5010DDCT,50.00,58.00,0,T
R_WD_RT,49.9k 1%,58.00,58.00,0,T
R_WD_DONE_PU,10k,47.00,61.00,0,T
R_WD_WAKE,10k,55.00,61.00,0,T
C_WD_FILT,100nF,50.00,64.00,0,T
D_RST,BAT54S,55.00,60.00,0,T
R_RELAY_LIM,0.5R 1W,15.00,88.00,0,T
C_RELAY_BULK,1000uF 16V,28.00,88.00,0,T
D_RELAY_TVS,SMBJ5.0A,40.00,88.00,0,T
Q_R1,S8050,148.00,93.00,0,T
ISO_R1,PC817,165.00,93.00,0,T
R_PC817_R1,330R,173.00,93.00,0,T
R_GR1,100R,155.00,93.00,0,T
D_FLY1,1N4148,167.00,93.00,0,T
R_PD_R1,100k,140.00,93.00,0,T
Q_R2,S8050,148.00,110.00,0,T
ISO_R2,PC817,165.00,110.00,0,T
R_PC817_R2,330R,173.00,110.00,0,T
R_GR2,100R,155.00,110.00,0,T
D_FLY2,1N4148,167.00,110.00,0,T
R_PD_R2,100k,140.00,110.00,0,T
Q_R3,S8050,148.00,127.00,0,T
ISO_R3,PC817,165.00,127.00,0,T
R_PC817_R3,330R,173.00,127.00,0,T
R_GR3,100R,155.00,127.00,0,T
D_FLY3,1N4148,167.00,127.00,0,T
R_PD_R3,100k,140.00,127.00,0,T
Q_R4,S8050,148.00,144.00,0,T
ISO_R4,PC817,165.00,144.00,0,T
R_PC817_R4,330R,173.00,144.00,0,T
R_GR4,100R,155.00,144.00,0,T
D_FLY4,1N4148,167.00,144.00,0,T
R_PD_R4,100k,140.00,144.00,0,T
RELAY1,SRD-05VDC-SL-C,175.00,93.00,0,T
J_R1,3P 7.62mm,185.00,93.00,0,T
LED_R1,Green LED,183.00,96.00,0,T
R_LED_R1,1.5k,180.00,96.00,0,T
RELAY2,SRD-05VDC-SL-C,175.00,110.00,0,T
J_R2,3P 7.62mm,185.00,110.00,0,T
LED_R2,Green LED,183.00,113.00,0,T
R_LED_R2,1.5k,180.00,113.00,0,T
RELAY3,SRD-05VDC-SL-C,175.00,127.00,0,T
J_R3,3P 7.62mm,185.00,127.00,0,T
LED_R3,Green LED,183.00,130.00,0,T
R_LED_R3,1.5k,180.00,130.00,0,T
RELAY4,SRD-05VDC-SL-C,175.00,144.00,0,T
J_R4,3P 7.62mm,185.00,144.00,0,T
LED_R4,Green LED,183.00,147.00,0,T
R_LED_R4,1.5k,180.00,147.00,0,T
D_RELAY_PWR_GOOD,BAT54S,45.00,93.00,0,T
D_RELAY_BOOT_OK,BAT54S,55.00,93.00,0,T
R_RELAY_EN_PU,10k,65.00,93.00,0,T
R_RELAY_EN_PD,100k,65.00,88.00,0,T
U_DHT22,AM2302,50.00,45.00,0,T
J_DHT,CONN_3.81_3P,40.00,35.00,0,T
R_DHT_PU,4.7k,48.00,38.00,0,T
D_DHT_ESD,SMBJ5.0A,55.00,40.00,0,T
U_DS18B20,DS18B20,50.00,55.00,0,T
J_DS,CONN_3.81_3P,40.00,45.00,0,T
R_DS_PU,4.7k,48.00,48.00,0,T
D_DS_ESD,SMBJ5.0A,55.00,50.00,0,T
U_ADS,ADS1115IDGSR,82.00,53.00,0,T
C_ADS_VDD1,100nF,87.00,57.00,0,T
C_ADS_VDD2,10uF,90.00,57.00,0,T
R_A0_SER,1k,75.00,48.00,0,T
D_A0_ESD,SMBJ5.0A,78.00,48.00,0,T
R_A1_SER,1k,78.00,48.00,0,T
D_A1_ESD,SMBJ5.0A,81.00,48.00,0,T
R_A2_SER,1k,81.00,48.00,0,T
D_A2_ESD,SMBJ5.0A,84.00,48.00,0,T
R_A3_SER,1k,84.00,48.00,0,T
D_A3_ESD,SMBJ5.0A,87.00,48.00,0,T
J_AIN,CONN_3.81_6P,112.50,60.00,0,T
J_VBAT,CONN_5.08_2P,190.00,28.00,0,T
R_VTOP,47k 1%,178.00,28.00,0,T
R_VBOT,6.8k 1%,175.00,25.00,0,T
C_VSENSE,100nF,178.00,22.00,0,T
R_VSENSE_SER_B,1k,173.00,28.00,0,T
D_VSENSE_CLAMP,BAT54S,170.00,28.00,0,T
J_SOIL,CONN_3.81_3P,40.00,55.00,0,T
R_SOIL_SER,1k,35.00,55.00,0,T
C_SOIL,100nF,32.00,55.00,0,T
D_SOIL_ESD,SMBJ5.0A,29.00,55.00,0,T
J_I2C_EXT,CONN_3.81_4P,35.00,23.00,0,T
J_DEBUG,CONN_3.81_4P,35.00,25.00,0,T
R_I2C_PU_SCL,4.7k,60.00,43.00,0,T
R_I2C_PU_SDA,4.7k,60.00,48.00,0,T
R_I2C_SCL_SER,22R,48.00,43.00,0,T
R_I2C_SDA_SER,22R,48.00,48.00,0,T
D_I2C_SCL_ESD,SMBJ5.0A,43.00,43.00,0,T
D_I2C_SDA_ESD,SMBJ5.0A,43.00,48.00,0,T
U_BME280,BME280,127.50,55.00,0,T
U_OLED,OLED 0.96,145.00,55.00,0,T
U_SDCARD,MicroSD Socket,140.00,80.00,0,T
R_SD_SCK,22R,134.00,83.00,0,T
R_SD_MOSI,22R,134.00,80.00,0,T
R_SD_MISO,22R,134.00,77.00,0,T
R_SD_CS,10k,134.00,74.00,0,T
R_SD_DET_PU,10k,134.00,71.00,0,T
C_SD_DEC,100nF,137.00,83.00,0,T
U_EXP1,MCP23017T-E,50.00,110.00,0,T
U_EXP2,MCP23017T-E,50.00,125.00,0,T
C_EXP1_DEC1,100nF,105.00,115.00,0,T
C_EXP1_DEC2,10uF,108.00,115.00,0,T
C_EXP2_DEC1,100nF,120.00,130.00,0,T
C_EXP2_DEC2,10uF,123.00,130.00,0,T
Q_R5,S8050,148.00,93.00,0,T
ISO_R5,PC817,165.00,93.00,0,T
R_PC817_R5,330R,173.00,93.00,0,T
R_GR5,100R,155.00,93.00,0,T
D_FLY5,1N4148,162.00,93.00,0,T
RELAY5,SRD-05VDC-SL-C,168.00,93.00,0,T
J_R5,3P 7.62mm,178.00,93.00,0,T
LED_R5,Green LED,183.00,96.00,0,T
R_LED_R5,1.5k,180.00,96.00,0,T
Q_R6,S8050,148.00,110.00,0,T
ISO_R6,PC817,165.00,110.00,0,T
R_PC817_R6,330R,173.00,110.00,0,T
R_GR6,100R,155.00,110.00,0,T
D_FLY6,1N4148,162.00,110.00,0,T
RELAY6,SRD-05VDC-SL-C,168.00,110.00,0,T
J_R6,3P 7.62mm,178.00,110.00,0,T
LED_R6,Green LED,183.00,113.00,0,T
R_LED_R6,1.5k,180.00,113.00,0,T
Q_R7,S8050,148.00,127.00,0,T
ISO_R7,PC817,165.00,127.00,0,T
R_PC817_R7,330R,173.00,127.00,0,T
R_GR7,100R,155.00,127.00,0,T
D_FLY7,1N4148,162.00,127.00,0,T
RELAY7,SRD-05VDC-SL-C,168.00,127.00,0,T
J_R7,3P 7.62mm,178.00,127.00,0,T
LED_R7,Green LED,183.00,130.00,0,T
R_LED_R7,1.5k,180.00,130.00,0,T
Q_R8,S8050,148.00,144.00,0,T
ISO_R8,PC817,165.00,144.00,0,T
R_PC817_R8,330R,173.00,144.00,0,T
R_GR8,100R,155.00,144.00,0,T
D_FLY8,1N4148,162.00,144.00,0,T
RELAY8,SRD-05VDC-SL-C,168.00,144.00,0,T
J_R8,3P 7.62mm,178.00,144.00,0,T
LED_R8,Green LED,183.00,147.00,0,T
R_LED_R8,1.5k,180.00,147.00,0,T
TP_12V,+12V_PROTECTED,5.00,0.00,0,T
TP_5V,+5V_SYS,5.00,3.00,0,T
TP_3V3ESP,+3V3_ESP,5.00,6.00,0,T
TP_3V3ANA,+3V3_ANA,5.00,9.00,0,T
TP_GND,GND_STAR,5.00,12.00,0,T
TP_TX,UART0_TX,5.00,15.00,0,T
TP_RX,UART0_RX,5.00,18.00,0,T
TP_EN,EN_ESP,5.00,21.00,0,T
TP_BOOT,BOOT_ESP,5.00,24.00,0,T
TP_SCL,I2C_SCL,5.00,27.00,0,T
TP_SDA,I2C_SDA,5.00,30.00,0,T
TP_WD,WATCHDOG_KICK,5.00,33.00,0,T
TP_PWRGOOD,POWER_GOOD,5.00,36.00,0,T
TP_RLY_EN,RELAY_EN,5.00,39.00,0,T
TP_BOOT_OK,BOOT_OK,5.00,42.00,0,T
TP_WD_RST,WATCHDOG_RST,5.00,45.00,0,T
J_PWR_EXT,CONN_7.62_2P,190.00,20.00,0,T
J_EXP_HEADER,CONN_5.08_2x5,90.00,42.50,0,T
D_EXP_ESD1,BAT54S,75.00,40.00,0,T
D_EXP_ESD2,BAT54S,75.00,44.00,0,T
D_EXP_ESD3,BAT54S,75.00,48.00,0,T
D_EXP_ESD4,BAT54S,75.00,52.00,0,T